<?xml version="1.0" encoding="UTF-8"?>
<!DOCTYPE generatorConfiguration
        PUBLIC "-//mybatis.org//DTD MyBatis Generator Configuration 1.0//EN"
        "http://mybatis.org/dtd/mybatis-generator-config_1_0.dtd">

<generatorConfiguration>
    <!--mysql 连接数据库jar 这里选择自己本地位置;
    如果不知道maven本地仓库地址，可以使用EveryThing工具全局搜索mysql-connector-java，找到jar包位置；
    也可以手动下载一个jar放在指定位置，进行引用。
    -->

    <classPathEntry location="/Users/56505/.m2/repository/mysql/mysql-connector-java/8.0.20/mysql-connector-java-8.0.20.jar"/>

    <context id="context" targetRuntime="MyBatis3">

        <plugin type="org.mybatis.generator.plugins.RowBoundsPlugin"></plugin>
        <plugin type="org.mybatis.generator.plugins.SerializablePlugin"></plugin>

        <commentGenerator>
            <!-- 是否去除自动生成的注释,true：是,false:否 -->
            <property name="suppressAllComments" value="true"/>
        </commentGenerator>

        <!--数据库连接的信息：驱动类、连接地址、用户名、密码 -->
        <jdbcConnection driverClass="com.mysql.cj.jdbc.Driver"
                        connectionURL="jdbc:mysql://localhost:3306/test"
                        userId="root"
                        password="root123"/>

        <!-- 默认false，把JDBC DECIMAL 和 NUMERIC 类型解析为 Integer，为 true时把JDBC DECIMAL 和
           NUMERIC 类型解析为java.math.BigDecimal -->
        <javaTypeResolver>
            <property name="forceBigDecimals" value="false"/>
        </javaTypeResolver>

        <!-- 指定javaBean生成的位置
            targetPackage：生成的类要放的包，真实的包受enableSubPackages属性控制；
            targetProject：目标项目，指定一个存在的目录下，生成的内容会放到指定目录中，如果目录不存在，MBG不会自动建目录
         -->
        <javaModelGenerator targetPackage="com.SecureMessage.demo.model" targetProject="src/main/java">
            <!-- 在targetPackage的基础上，根据数据库的schema再生成一层package，最终生成的类放在这个package下，默认为false；如果多个数据库改为true分目录 -->
            <property name="enableSubPackages" value="false"/>
            <!-- 设置是否在getter方法中，对String类型字段调用trim()方法 -->
            <property name="trimStrings" value="true"/>
        </javaModelGenerator>

        <!--  指定mapper映射文件生成的位置
           targetPackage、targetProject同javaModelGenerator中作用一样-->
        <sqlMapGenerator targetPackage="mybatis" targetProject="src/main/resources">
            <property name="enableSubPackages" value="false"/>
        </sqlMapGenerator>

        <!-- 指定mapper接口生成的位置
         targetPackage、targetProject同javaModelGenerator中作用一样
         -->
        <javaClientGenerator type="XMLMAPPER" targetPackage="com.SecureMessage.demo.mapper"
                             targetProject="src/main/java">
            <property name="enableSubPackages" value="false"/>
        </javaClientGenerator>

        <table tableName="USERDETAIL" domainObjectName="userDetailDao"
               enableCountByExample="false" enableUpdateByExample="true" enableDeleteByExample="true"
               enableSelectByExample="true" selectByExampleQueryId="true">
        </table>
        <table tableName="friends" domainObjectName="FriendShipDao"
               enableCountByExample="false" enableUpdateByExample="true" enableDeleteByExample="true"
               enableSelectByExample="true" selectByExampleQueryId="true">
        </table>
        <table tableName="message" domainObjectName="MessageDetailDao"
               enableCountByExample="false" enableUpdateByExample="true" enableDeleteByExample="true"
               enableSelectByExample="true" selectByExampleQueryId="true">
        </table>



    </context>
</generatorConfiguration>

