
<configuration>
    <appender name="CONSOLE" class="ch.qos.logback.core.ConsoleAppender">
        <filter class="ch.qos.logback.classic.filter.LevelFilter">
            <level>INFO</level>
            <onMatch>ACCEPT</onMatch>
            <onMismatch>DENY</onMismatch>
        </filter>
        <encoder>
            <pattern>
                %-4relative [%thread] %-5level %logger{30} - %msg%n
            </pattern>
        </encoder>
    </appender>
    <root level="INFO">
        <appender-ref ref="CONSOLE" />
    </root>
</configuration> 